,label,mlp1,mlp2,kan
0,2.2034563984350806,2.188385486602783,2.191502571105957,2.202869176864624
1,1.9831107585978893,1.9700777530670166,1.9824882745742798,1.9824458360671997
2,1.7847996827544008,1.772935152053833,1.7788385152816772,1.7835161685943604
3,1.6063197145210344,1.5982756614685059,1.6021525859832764,1.6051619052886963
4,1.4456877431775306,1.4410957098007202,1.443160057067871,1.444645881652832
5,1.3011189691400924,1.2996337413787842,1.3000664710998535,1.3001810312271118
6,1.1710070729496247,1.1723182201385498,1.1712831258773804,1.1701610088348389
7,1.0539063675222493,1.0577342510223389,1.05537748336792,1.0522522926330566
8,0.9485157355905931,0.9546086192131042,0.9510627388954163,0.9345901012420654
9,0.8536641744742641,0.8617957234382629,0.8571794629096985,0.830127477645874
10,0.7682977891436991,0.7782638072967529,0.7726843953132629,0.768298864364624
11,0.6914680931285577,0.7030852437019348,0.696638822555542,0.7703137397766113
12,0.6223214977930688,0.6354246139526367,0.6281976699829102,0.643138587474823
13,0.5600899003265074,0.5745300054550171,0.5666008591651917,0.570756733417511
14,0.5040823359078188,0.5197247862815857,0.5111637711524963,0.5023655891418457
15,0.4536777820627285,0.4704001545906067,0.46127018332481384,0.45001789927482605
16,0.40831950182607724,0.4260081946849823,0.41636648774147034,0.4024933874607086
17,0.367512066843731,0.3860556483268738,0.37595346570014954,0.3465384244918823
18,0.3308241328506358,0.35009926557540894,0.3395833969116211,0.3017464578151703
19,0.29790499802974074,0.31774047017097473,0.30685362219810486,0.29258865118026733
20,0.26853565700121945,0.2886227071285248,0.2774057984352112,0.270561158657074
21,0.2427670237145983,0.2624303698539734,0.25092601776123047,0.25214898586273193
22,0.22127491215470663,0.238892063498497,0.22715410590171814,0.2209007889032364
23,0.20622041866796606,0.2249773144721985,0.20827791094779968,0.20080432295799255
24,0.20305723633144535,0.22054550051689148,0.21674993634223938,0.2494429498910904
25,0.22279714433524722,0.2236550897359848,0.23524242639541626,0.2508925497531891
26,0.27885963967058147,0.24274536967277527,0.26331302523612976,0.30463606119155884
27,0.37032527632794876,0.2916668653488159,0.33459895849227905,0.37150561809539795
28,0.47491771652125403,0.38216084241867065,0.44036611914634705,0.4757092595100403
29,0.5708101409499464,0.50974041223526,0.5719658732414246,0.5716942548751831
30,0.6486513860662035,0.6406071186065674,0.6484281420707703,0.64626544713974
31,0.7071755051244474,0.7392506003379822,0.6888962984085083,0.7072401642799377
32,0.7481366628512293,0.79145348072052,0.744314968585968,0.7491095662117004
33,0.7740327828980522,0.7980921864509583,0.7826562523841858,0.7756831645965576
34,0.7873315573627687,0.7962684035301208,0.7967488169670105,0.7891740202903748
35,0.7902517829687634,0.7958160638809204,0.7952982187271118,0.7895136475563049
36,0.7847257143595954,0.7968761920928955,0.7836371064186096,0.7838260531425476
37,0.7724169305496489,0.7900023460388184,0.7674031853675842,0.7670395970344543
38,0.7547559090934979,0.7688890099525452,0.7554250359535217,0.7585791945457458
39,0.7329873448593078,0.7461146116256714,0.7374829649925232,0.7329968810081482
40,0.7082419805926773,0.7380070686340332,0.7120673060417175,0.718136191368103
41,0.681672752511069,0.7355313301086426,0.680328905582428,0.6696194410324097
42,0.6547495552566426,0.7189362645149231,0.6545520424842834,0.6541309356689453
43,0.6298860421574037,0.6908033490180969,0.6354750990867615,0.6325508952140808
44,0.6114568533799598,0.6678255200386047,0.6218704581260681,0.609308123588562
45,0.6060829373878176,0.6523414850234985,0.6179497241973877,0.6223820447921753
46,0.6195361061742083,0.6328210830688477,0.6308164596557617,0.6124132871627808
47,0.6525106300723237,0.6382427215576172,0.6622032523155212,0.6440926194190979
48,0.7010039124306842,0.6724093556404114,0.7009178996086121,0.7254581451416016
49,0.7589454360283132,0.7307068705558777,0.7499265074729919,0.7772572636604309
50,0.8201960403851861,0.8028346300125122,0.8075641989707947,0.8260007500648499
51,0.8800127065070831,0.8766295909881592,0.8691977858543396,0.8969793915748596
52,0.9357239899960832,0.9433857202529907,0.929108202457428,0.9734477400779724
53,0.9864132350706604,0.9974266886711121,0.9853259325027466,1.0163679122924805
54,1.032112119312966,1.0343799591064453,1.033173680305481,1.0343097448349
55,1.0730793362573277,1.0673619508743286,1.0730171203613281,1.0852948427200317
56,1.109396806948681,1.0973323583602905,1.106367588043213,1.1284235715866089
57,1.1408654982141537,1.12300705909729,1.1392167806625366,1.1411409378051758
58,1.167094799675888,1.1445190906524658,1.1680470705032349,1.154416799545288
59,1.187674066109804,1.1643790006637573,1.1884583234786987,1.1919286251068115
60,1.2023501523610944,1.1829925775527954,1.2000054121017456,1.1962251663208008
61,1.2111960276375846,1.1973377466201782,1.2084599733352661,1.204802393913269
62,1.2148271464048859,1.2054157257080078,1.2139590978622437,1.2070304155349731
63,1.214748865551096,1.2082881927490234,1.2148175239562988,1.198730707168579
64,1.213685211067551,1.2082209587097168,1.214225172996521,1.2017959356307983
65,1.2152002412042577,1.2079671621322632,1.2154830694198608,1.2235480546951294
66,1.222381569877862,1.2114112377166748,1.2218211889266968,1.2177512645721436
67,1.2364386201882451,1.2221510410308838,1.2355445623397827,1.2351561784744263
68,1.2555338478738076,1.2296230792999268,1.2567609548568726,1.265640377998352
69,1.2741556485030359,1.2463551759719849,1.2695430517196655,1.2493077516555786
70,1.2843989580063773,1.2665804624557495,1.2803810834884644,1.3049657344818115
71,1.2795188453016881,1.2797772884368896,1.2815351486206055,1.284826636314392
72,1.256944803933279,1.2751110792160034,1.266389012336731,1.255631923675537
73,1.218284844926423,1.2463934421539307,1.2342766523361206,1.211944818496704
74,1.1674154244518065,1.1949728727340698,1.1832146644592285,1.165964126586914
75,1.1086962911400886,1.1283320188522339,1.1188539266586304,1.1185803413391113
76,1.0460105648241222,1.0556336641311646,1.0473518371582031,1.0364185571670532
77,0.9824408547386346,0.9846319556236267,0.9744594097137451,0.9833552241325378
78,0.9202724282205167,0.9188030958175659,0.9073208570480347,0.9192355275154114
79,0.8611229016421912,0.8587708473205566,0.8496783375740051,0.8370808959007263
80,0.8060896527463661,0.804206132888794,0.801159143447876,0.8017728328704834
81,0.7558485000897933,0.7550472021102905,0.7585238814353943,0.7749230861663818
82,0.7106466320002296,0.7111707925796509,0.717993438243866,0.7136054039001465
83,0.6701717782028906,0.6709377765655518,0.6772802472114563,0.6796579360961914
84,0.6334502130203435,0.6321284174919128,0.6362714767456055,0.6321137547492981
85,0.599042488884575,0.594529390335083,0.5963352918624878,0.5882556438446045
86,0.565583996217395,0.5597500205039978,0.5581134557723999,0.5630940794944763
87,0.5324195304844759,0.5286263227462769,0.5227153897285461,0.5106822848320007
88,0.4999329967440028,0.5004313588142395,0.49089714884757996,0.5066672563552856
89,0.4693738142379633,0.4744841456413269,0.4629979133605957,0.4528256356716156
90,0.44248905302923114,0.45139169692993164,0.4400254786014557,0.4432031214237213
91,0.42142291895902634,0.43283534049987793,0.42363718152046204,0.4253120422363281
92,0.4089855257618004,0.4209648072719574,0.41579195857048035,0.438591331243515
93,0.40903675486598706,0.4182446599006653,0.4186612367630005,0.4171226918697357
94,0.4263897396185297,0.427931547164917,0.43484535813331604,0.4403182566165924
95,0.46521408482519155,0.4546262323856354,0.467507541179657,0.45220068097114563
96,0.5256161118700767,0.5034520030021667,0.5197708010673523,0.5500667691230774
97,0.6012550315390003,0.5766996145248413,0.5926904082298279,0.5879383683204651
98,0.6818119608245763,0.6695623397827148,0.6815625429153442,0.6610272526741028
99,0.7581128564647581,0.7694474458694458,0.7569413185119629,0.7581862807273865
100,0.8247985905377279,0.8523721694946289,0.8206599354743958,0.8166477084159851
101,0.8799275897451927,0.9010211229324341,0.8768749833106995,0.8858286142349243
102,0.9235636478112615,0.9352035522460938,0.9261055588722229,0.9253479838371277
103,0.9565930389281602,0.9579346776008606,0.9613633751869202,0.9493733644485474
104,0.9800334924794044,0.9743330478668213,0.9814391732215881,0.9766311049461365
105,0.9947693302721838,0.9867629408836365,0.9928504824638367,0.9921495914459229
106,1.0015817540921674,0.9944560527801514,0.9985054135322571,0.9964582920074463
107,1.0013127606444032,0.9960129261016846,1.0001298189163208,0.9743248224258423
108,0.9950075493212295,0.992722749710083,0.9972767233848572,1.0041478872299194
109,0.9839791464907893,0.9880755543708801,0.9850242733955383,0.9737412929534912
110,0.9698509270654022,0.9832640886306763,0.9677131772041321,0.9592955708503723
111,0.9546522302267804,0.9760605096817017,0.9520401358604431,0.9450042247772217
112,0.9409836341295998,0.9656600952148438,0.939524233341217,0.9405010342597961
113,0.9321462823637859,0.9557161331176758,0.932222306728363,0.9420424103736877
114,0.9319303135151663,0.9516143798828125,0.9329280257225037,0.952679455280304
115,0.9436915822594659,0.9476516246795654,0.9448422789573669,0.9610268473625183
116,0.9688355214563472,0.9502836465835571,0.970262348651886,0.99000483751297
117,1.0054169283950256,0.9714933633804321,1.007036805152893,0.9938945770263672
118,1.0475505974866754,1.0097264051437378,1.0443980693817139,1.021083116531372
119,1.0867763126122743,1.058119297027588,1.0719903707504272,1.078874945640564
120,1.1157732388677584,1.1054365634918213,1.1010942459106445,1.1114853620529175
121,1.1314513981943135,1.139987826347351,1.125576138496399,1.1320728063583374
122,1.1348494257972537,1.154786467552185,1.1382933855056763,1.1010509729385376
123,1.1292173859600925,1.1504052877426147,1.136536717414856,1.1329989433288574
124,1.1183804656280778,1.1336628198623657,1.1223663091659546,1.133533000946045
125,1.1059091087474173,1.1132080554962158,1.1014394760131836,1.128368616104126
126,1.0947926723882357,1.0954431295394897,1.0846623182296753,1.1214187145233154
127,1.08730362423942,1.083509087562561,1.076675295829773,1.1514345407485962
128,1.084899863934813,1.0783919095993042,1.0784683227539062,1.110765814781189
129,1.0881250895015144,1.080180287361145,1.0822840929031372,1.0920817852020264
130,1.096540437913999,1.0886462926864624,1.0941952466964722,1.1020214557647705
131,1.108753531329976,1.1023950576782227,1.1103287935256958,1.1101869344711304
132,1.1225576286401011,1.1176494359970093,1.1255359649658203,1.1122901439666748
133,1.135048061229311,1.129724144935608,1.1292829513549805,1.123184323310852
134,1.1425180761509046,1.1361572742462158,1.1273090839385986,1.137547254562378
135,1.140359850950249,1.1365132331848145,1.1233094930648804,1.127591848373413
136,1.1241504322370512,1.1289942264556885,1.1127952337265015,1.142587423324585
137,1.092586970934996,1.1092586517333984,1.0916298627853394,1.1047887802124023
138,1.0492279898271129,1.0737208127975464,1.0578373670578003,1.0517919063568115
139,1.0002251607316497,1.024025321006775,1.0128670930862427,0.998071014881134
140,0.9511870569354801,0.9667249917984009,0.9617370367050171,0.9440690279006958
141,0.9060276934628431,0.9112319946289062,0.9107791781425476,0.9065484404563904
142,0.8670919879622805,0.8649017214775085,0.8655560612678528,0.8775168657302856
143,0.8354587596258459,0.830204963684082,0.8300543427467346,0.8572971820831299
144,0.8111079144506985,0.8055524826049805,0.8059256672859192,0.8132855296134949
145,0.7930332696893603,0.7879642248153687,0.7917066216468811,0.8485468626022339
146,0.7794389872544909,0.7750331163406372,0.7833585143089294,0.7601959705352783
147,0.7680758769651056,0.765546441078186,0.7760418057441711,0.7707751989364624
148,0.7566809347026607,0.758014440536499,0.7659604549407959,0.7629649043083191
149,0.7434348651263426,0.7488588094711304,0.7515206336975098,0.7739841341972351
150,0.7273288737261923,0.7344168424606323,0.7342448830604553,0.7183836698532104
151,0.7083389362445977,0.7150705456733704,0.7149986028671265,0.6973036527633667
152,0.6874049596594339,0.6946375370025635,0.6939980387687683,0.6674764752388
153,0.6663694985034544,0.6759335994720459,0.6744977831840515,0.6633751392364502
154,0.6480637341467196,0.6597220301628113,0.6587130427360535,0.6692933440208435
155,0.6364982802684955,0.6472613215446472,0.6487013101577759,0.6711210608482361
156,0.636664917872447,0.6418008804321289,0.6473571062088013,0.6748791933059692
157,0.6531852754650647,0.6480855941772461,0.6582921147346497,0.667216956615448
158,0.687776671000068,0.6712325811386108,0.6849371790885925,0.7011852264404297
159,0.737433967301999,0.7144355177879333,0.7273686528205872,0.7463527917861938
160,0.7956926615513019,0.7759106159210205,0.7845038771629333,0.8099973797798157
161,0.8559494786445665,0.8479674458503723,0.8517378568649292,0.8420131206512451
162,0.9136981937566012,0.9199424386024475,0.9207894206047058,0.9356680512428284
163,0.9667500123989076,0.9832388162612915,0.9730490446090698,0.9786129593849182
164,1.0144753248829628,1.0259145498275757,1.0200753211975098,1.0260076522827148
165,1.0570003960288727,1.0578781366348267,1.0608114004135132,1.0653694868087769
166,1.0946707936439488,1.086409568786621,1.097969651222229,1.1123247146606445
167,1.1277671451312525,1.1132097244262695,1.133409857749939,1.1317834854125977
168,1.15638513931487,1.1377756595611572,1.159967064857483,1.1456072330474854
169,1.1804255892209248,1.158977746963501,1.1829956769943237,1.1847718954086304
170,1.199684782391225,1.177097201347351,1.200201153755188,1.1915183067321777
171,1.214033145932783,1.1935235261917114,1.2116793394088745,1.217047095298767
172,1.223641888507416,1.2081971168518066,1.2209324836730957,1.2191230058670044
173,1.2292186372590796,1.2189871072769165,1.2280737161636353,1.2054463624954224
174,1.2322221171067926,1.2246612310409546,1.2315391302108765,1.2087100744247437
175,1.234954652505062,1.227159857749939,1.2348450422286987,1.235320806503296
176,1.2402751434898465,1.2303287982940674,1.2403336763381958,1.2254691123962402
177,1.2506203382648486,1.2376958131790161,1.2506331205368042,1.2510453462600708
178,1.266349242262712,1.2485976219177246,1.2679260969161987,1.264022707939148
179,1.2841584020163488,1.2578727006912231,1.283445119857788,1.276242733001709
180,1.2970937061448486,1.2738502025604248,1.2921476364135742,1.3175208568572998
181,1.2973986867372016,1.2886642217636108,1.2966402769088745,1.2974859476089478
182,1.2805253123136424,1.2911497354507446,1.287438154220581,1.2824729681015015
183,1.2466430395081252,1.2719390392303467,1.2619811296463013,1.239161729812622
184,1.1991092334040725,1.2283997535705566,1.218345046043396,1.213972568511963
185,1.1422774208557673,1.1657086610794067,1.1571372747421265,1.1650967597961426
186,1.0801635905321785,1.0933784246444702,1.0863906145095825,1.0855213403701782
187,1.0159839447903276,1.0201467275619507,1.0122140645980835,1.0098215341567993
188,0.9521425981474526,0.9515671730041504,0.9403554797172546,0.9799177646636963
189,0.8903667404136518,0.8878129720687866,0.8763997554779053,0.9013121128082275
190,0.8318520737439112,0.8287463188171387,0.821940004825592,0.8364917039871216
191,0.7773718573232656,0.7747328281402588,0.7748386859893799,0.7677887082099915
192,0.7273330641669781,0.7263086438179016,0.7311792373657227,0.7264768481254578
193,0.6817702221401781,0.6824009418487549,0.6877222061157227,0.6758601069450378
194,0.6402918428335963,0.6403436064720154,0.6434603929519653,0.6575217247009277
195,0.6020653993643347,0.5988063216209412,0.5995601415634155,0.6080271601676941
196,0.566003162830053,0.5594167709350586,0.5572360157966614,0.5540817379951477
197,0.5312259324379714,0.5244106650352478,0.5183672308921814,0.5214694738388062
198,0.4975674847329582,0.49406707286834717,0.4840693175792694,0.5068297982215881
199,0.46572548780895834,0.46728676557540894,0.45445114374160767,0.4655483365058899
200,0.43703272449522607,0.4435385465621948,0.42992284893989563,0.43387293815612793
201,0.4132528962328037,0.42357099056243896,0.41154488921165466,0.41740989685058594
202,0.39669670948666497,0.40904563665390015,0.40079569816589355,0.4005916118621826
203,0.3905876684615118,0.4021778106689453,0.3993949890136719,0.3859381675720215
204,0.39930343417428893,0.40583616495132446,0.40951576828956604,0.4036482870578766
205,0.42769036831063223,0.4240202009677887,0.43408653140068054,0.43771398067474365
206,0.4784810576470545,0.4618578553199768,0.4766419529914856,0.48990657925605774
207,0.5487370546537987,0.5237009525299072,0.5399644374847412,0.5590288043022156
208,0.6294758235824667,0.6089836359024048,0.6233536601066589,0.6101349592208862
209,0.7101171725733622,0.708925187587738,0.707208514213562,0.7063663005828857
210,0.782984433433054,0.8084567189216614,0.7807069420814514,0.8031144738197327
211,0.8443654385270105,0.8697673082351685,0.839229166507721,0.8423622250556946
212,0.8933874188748113,0.9111473560333252,0.8928808569908142,0.8814398646354675
213,0.9306408678647895,0.9383127689361572,0.9348716139793396,0.9377045035362244
214,0.9572410003155316,0.956008791923523,0.9600241780281067,0.9575855135917664
215,0.9743368402415304,0.9685143828392029,0.9740415215492249,0.9803125262260437
216,0.9829585299670238,0.9768096208572388,0.9806532263755798,0.9813485741615295
217,0.9840837044894525,0.9795793294906616,0.9821777939796448,0.9707069396972656
218,0.9787757373552741,0.9765545129776001,0.980708658695221,0.9752371311187744
219,0.9682824972608687,0.9705957174301147,0.9710058569908142,0.9917992949485779
220,0.9540928223420903,0.9647520780563354,0.952957034111023,0.9488060474395752
221,0.9380152254633441,0.958267867565155,0.9351031184196472,0.9381639957427979
222,0.9223247815845517,0.9487414956092834,0.9199915528297424,0.9213035106658936
223,0.9099447617975064,0.9374051690101624,0.9093194603919983,0.9098450541496277
224,0.9044708460907452,0.9292885661125183,0.9054393768310547,0.9138534665107727
225,0.9096598183678385,0.927985668182373,0.9113816618919373,0.918272078037262
226,0.9281702511101555,0.9217284917831421,0.9300846457481384,0.9360840320587158
227,0.9600305846296949,0.9334946274757385,0.9624575972557068,0.9566871523857117
228,1.0015663428880768,0.9642065167427063,0.9999681115150452,1.0090100765228271
229,1.04552576047979,1.0100088119506836,1.0367450714111328,1.049872875213623
230,1.08357763380763,1.0618730783462524,1.068703055381775,1.075714349746704
231,1.1101838062417926,1.1078675985336304,1.0995419025421143,1.0862326622009277
232,1.124308095306746,1.1379646062850952,1.1229228973388672,1.1191270351409912
233,1.1281905244115917,1.148489236831665,1.13352370262146,1.1064023971557617
234,1.1253997993682439,1.1431293487548828,1.1308234930038452,1.1133649349212646
235,1.1195826515859695,1.1299691200256348,1.1185847520828247,1.1096117496490479
236,1.1139103423104668,1.116794228553772,1.105516791343689,1.110153317451477
237,1.1108555106603433,1.1083000898361206,1.1003764867782593,1.121252179145813
238,1.112069055960503,1.1063004732131958,1.1041821241378784,1.1325348615646362
239,1.1182862274000955,1.1109951734542847,1.1105436086654663,1.1332979202270508
240,1.129286724379519,1.1219632625579834,1.1245923042297363,1.1057419776916504
241,1.1439721131682925,1.1382445096969604,1.1443818807601929,1.1340941190719604
242,1.1605795076659475,1.15715754032135,1.1654218435287476,1.148838758468628
243,1.1769097717647892,1.1741303205490112,1.183695673942566,1.1516153812408447
244,1.1902972069706426,1.1855131387710571,1.188379168510437,1.1333978176116943
245,1.1971600033504441,1.190726399421692,1.185896635055542,1.1910896301269531
246,1.1927599118527499,1.1899478435516357,1.1770222187042236,1.1628270149230957
247,1.1728567864739394,1.180538296699524,1.1612297296524048,1.1383297443389893
248,1.137227276402494,1.1573563814163208,1.1369123458862305,1.0947322845458984
249,1.0905676292832787,1.117128849029541,1.0995122194290161,1.0570873022079468
250,1.039270872818103,1.0623764991760254,1.0512386560440063,1.014278769493103
251,0.9885352007905056,1.0013939142227173,0.9974460005760193,0.9882469177246094
252,0.9416648407361442,0.9440323114395142,0.944162905216217,0.9129112958908081
253,0.9003479259777168,0.8964300155639648,0.8964731097221375,0.8936409950256348
254,0.8650030309827847,0.8594862222671509,0.8579182028770447,0.873281717300415
255,0.8350313397584838,0.8304157257080078,0.8294768333435059,0.8233375549316406
256,0.809064896312861,0.805756151676178,0.8088429570198059,0.7807846069335938
257,0.7852931510101006,0.7833438515663147,0.7914085984230042,0.7819293141365051
258,0.761870152968326,0.7625471949577332,0.7723342776298523,0.7274518609046936
259,0.7373289097705277,0.7420039176940918,0.7484996914863586,0.754186749458313
260,0.7108828676898353,0.7182089686393738,0.7195339202880859,0.7022299766540527
261,0.6825138066421429,0.688955545425415,0.6883963346481323,0.6811481714248657
262,0.6528599202822498,0.6570210456848145,0.6555237770080566,0.6405657529830933
263,0.6230579336780341,0.6272958517074585,0.6242759823799133,0.6187902092933655
264,0.5947297913726414,0.6019359827041626,0.5977128744125366,0.5855546593666077
265,0.570193385063588,0.580727219581604,0.5770501494407654,0.5663579702377319
266,0.5527608441619589,0.5641874074935913,0.5635376572608948,0.5418027639389038
267,0.5467363333916035,0.5546724796295166,0.5590365529060364,0.5648391842842102
268,0.5565986578519602,0.5559999346733093,0.5660678744316101,0.5483143925666809
269,0.5850937137076183,0.5729658603668213,0.5874415636062622,0.5696073174476624
270,0.6311309685300435,0.6096487045288086,0.6254526972770691,0.6228117942810059
271,0.6896618470854176,0.6665154099464417,0.6803093552589417,0.7008185982704163
272,0.7540777023294531,0.7385509610176086,0.7465866208076477,0.7648612856864929
273,0.818806080639229,0.81654292345047,0.8203091025352478,0.8150394558906555
274,0.8802998110903382,0.8910555243492126,0.8864594101905823,0.8845632076263428
275,0.9367224393090605,0.9549069404602051,0.9418635368347168,0.9376518130302429
276,0.9872477852800837,0.9942581653594971,0.9888165593147278,0.9917055368423462
277,1.0314779509558742,1.0284204483032227,1.0314403772354126,1.0347027778625488
278,1.0691101356355674,1.0586144924163818,1.071412444114685,1.08427894115448
279,1.0998391505172265,1.0848437547683716,1.1001442670822144,1.1057699918746948
280,1.1234282298553595,1.10603928565979,1.1225193738937378,1.1196779012680054
281,1.13984611986102,1.1217750310897827,1.1381865739822388,1.1288939714431763
282,1.1493840876442352,1.133123755455017,1.1483360528945923,1.1616613864898682
283,1.1527367763465017,1.1411908864974976,1.1516474485397339,1.1555440425872803
284,1.1510890142624337,1.1454899311065674,1.1517592668533325,1.1609854698181152
285,1.146238662105586,1.145168423652649,1.1464816331863403,1.1635911464691162
286,1.140701715896221,1.1414639949798584,1.1400750875473022,1.1462960243225098
287,1.1376344970988805,1.1378268003463745,1.1363531351089478,1.1271411180496216
288,1.1403421785625083,1.138130784034729,1.138271689414978,1.1344953775405884
289,1.1512809809955589,1.1455351114273071,1.14871084690094,1.121797800064087
290,1.1708074474924408,1.1516379117965698,1.1686042547225952,1.1782972812652588
291,1.1960792087681014,1.1664801836013794,1.1961246728897095,1.216841220855713
292,1.2206958644510388,1.1912068128585815,1.2187479734420776,1.2456891536712646
293,1.2362321145405992,1.2184357643127441,1.2301265001296997,1.2188653945922852
294,1.2358515738562625,1.2372647523880005,1.2302879095077515,1.22592294216156
295,1.2173177919094733,1.2370399236679077,1.219834566116333,1.2296174764633179
296,1.1828764046685236,1.2122238874435425,1.1926218271255493,1.1790425777435303
297,1.137049863494611,1.1650419235229492,1.1509188413619995,1.1288560628890991
298,1.0846180689171727,1.1039210557937622,1.094678282737732,1.0632065534591675
299,1.0296243797402207,1.038840651512146,1.0310472249984741,0.9972107410430908
300,0.9751431297721689,0.9776560664176941,0.9683218598365784,0.9621860384941101
301,0.9233850733001265,0.9230621457099915,0.9132212996482849,0.9329820871353149
302,0.8758750910716119,0.8750081062316895,0.8687692284584045,0.847838282585144
303,0.8335701100883316,0.8328653573989868,0.8338374495506287,0.8381814956665039
304,0.7968539624411249,0.7965037822723389,0.8045856356620789,0.787714958190918
305,0.7654001357348906,0.7656188011169434,0.7768499255180359,0.7263243198394775
306,0.7379912760111202,0.7382553815841675,0.7480992078781128,0.7452034950256348
307,0.7125284878880529,0.711564302444458,0.7179350256919861,0.7037689685821533
308,0.6865050809443963,0.6842380166053772,0.6872071623802185,0.6471781134605408
309,0.6579499989557152,0.6566778421401978,0.6574006080627441,0.6274570822715759
310,0.6263659273288138,0.6289043426513672,0.6267026662826538,0.6037271618843079
311,0.5929801604794545,0.6001101136207581,0.5949482321739197,0.5935498476028442
312,0.560162951606184,0.5704458355903625,0.56401526927948,0.5541307926177979
313,0.5306921727201485,0.5420846343040466,0.5360276699066162,0.5320979356765747
314,0.5075118610445712,0.5183867812156677,0.5140698552131653,0.5146075487136841
315,0.49394152653017437,0.5026626586914062,0.5014162659645081,0.47405490279197693
316,0.493851482789266,0.49782633781433105,0.5010820031166077,0.48700177669525146
317,0.5111497457767686,0.5069396495819092,0.5157257914543152,0.4974914491176605
318,0.5480735971543285,0.5336251854896545,0.547509491443634,0.5763489603996277
319,0.6029888337770437,0.5809657573699951,0.5974642634391785,0.5963036417961121
320,0.6699973309142494,0.6486992835998535,0.6642441749572754,0.6760069727897644
321,0.7413972666481086,0.7308427095413208,0.7415896058082581,0.7462597489356995
322,0.8107334738643985,0.8167051076889038,0.8112980723381042,0.8109539747238159
323,0.8741190605495079,0.8954975008964539,0.8746128082275391,0.8730337619781494
324,0.9299056598212752,0.9451412558555603,0.9274347424507141,0.94195955991745
325,0.9777639426088627,0.982231855392456,0.9754036068916321,0.9948264956474304
326,1.017843307091053,1.0124602317810059,1.017691969871521,1.0159052610397339
327,1.0502401748168566,1.0382416248321533,1.0508259534835815,1.055253505706787
328,1.0748355551894464,1.0599243640899658,1.0722274780273438,1.0746581554412842
329,1.0914714105790848,1.0763040781021118,1.0869598388671875,1.1093565225601196
330,1.1002862223014873,1.0865507125854492,1.097536563873291,1.0882275104522705
331,1.1019504328367122,1.0916372537612915,1.1018120050430298,1.1131477355957031
332,1.0977060953955808,1.0932092666625977,1.0986802577972412,1.0839848518371582
333,1.0893229247009342,1.0915424823760986,1.0893758535385132,1.087449312210083
334,1.0790936106984714,1.0862278938293457,1.0780153274536133,1.0811903476715088
335,1.0698693901607186,1.0787211656570435,1.0685278177261353,1.0726243257522583
336,1.0649880831088645,1.0727626085281372,1.0634384155273438,1.0520647764205933
337,1.0678365723944638,1.0724858045578003,1.0657566785812378,1.072415828704834
338,1.0808891626357866,1.0763506889343262,1.0783623456954956,1.0839871168136597
339,1.1044009409062405,1.081470251083374,1.1025758981704712,1.0947847366333008
340,1.1351554929661656,1.1015417575836182,1.1347817182540894,1.1671137809753418
341,1.1660679176003856,1.133408784866333,1.1635806560516357,1.2089121341705322
342,1.188161865623671,1.1688026189804077,1.1753854751586914,1.2056159973144531
343,1.1947128433666019,1.1958445310592651,1.1828433275222778,1.1572691202163696
344,1.1839653527165144,1.2035235166549683,1.1827436685562134,1.1649123430252075
345,1.1583757563765076,1.1868218183517456,1.1679290533065796,1.1589505672454834
346,1.1223247381522503,1.1488481760025024,1.1354426145553589,1.1459022760391235
347,1.0803916369455109,1.098522424697876,1.0894029140472412,1.1039936542510986
348,1.0365658153532369,1.045553207397461,1.0370734930038452,1.0553635358810425
349,0.9940277686847786,0.9966903328895569,0.9867197871208191,1.0035054683685303
350,0.9551700332095343,0.9547691941261292,0.9449250102043152,0.9600279927253723
351,0.921667552778106,0.919650673866272,0.9144167900085449,0.9441376328468323
352,0.8944826409674635,0.8912637233734131,0.8937654495239258,0.9093880653381348
353,0.8737473170374527,0.8699808716773987,0.8789559006690979,0.8962363600730896
354,0.858545204320133,0.855177640914917,0.865759551525116,0.9157354831695557
355,0.8467271765135627,0.8437251448631287,0.8514981269836426,0.8995379209518433
356,0.835000653665381,0.8316975235939026,0.835277259349823,0.827889084815979
357,0.8195502569401266,0.8171069622039795,0.8169792294502258,0.8251820206642151
358,0.7973022178715343,0.7992196083068848,0.7960222363471985,0.7568066120147705
359,0.7674397959560982,0.7763382792472839,0.7715629935264587,0.7712017893791199
360,0.7319893369227217,0.7466133832931519,0.7424940466880798,0.7309872508049011
361,0.6947553668269171,0.710878312587738,0.7072998285293579,0.6987810134887695
362,0.659787777141868,0.673413872718811,0.6709402203559875,0.6486712098121643
363,0.6307363663713323,0.6400125026702881,0.6390644907951355,0.6542227864265442
364,0.6109660634702918,0.6156371831893921,0.6164965033531189,0.5986007452011108
365,0.6036861017631204,0.6033942699432373,0.6070438623428345,0.6023292541503906
366,0.6115505990236044,0.6051256060600281,0.6130974888801575,0.6329482793807983
367,0.6356364561053403,0.6223820447921753,0.6353371739387512,0.6293715238571167
368,0.6744518784289146,0.6562058329582214,0.6718992590904236,0.6680101156234741
369,0.7240524674959288,0.7056509256362915,0.7194519639015198,0.6905245780944824
370,0.7794501191985713,0.7664017081260681,0.7751756906509399,0.768313467502594
371,0.8362281973521039,0.8312919735908508,0.8345913290977478,0.8007631897926331
372,0.8913688339698885,0.8933725953102112,0.8936882615089417,0.8520306348800659
373,0.9432560672351737,0.949282705783844,0.9495156407356262,0.9020965695381165
374,0.9913064644159315,0.9995625019073486,0.9956387877464294,0.9728891253471375
375,1.0355523420860138,1.0378128290176392,1.0321309566497803,1.0215030908584595
376,1.076195773822683,1.0698399543762207,1.066131591796875,1.0833184719085693
377,1.1130401626636606,1.0997426509857178,1.1066914796829224,1.1303260326385498
378,1.145066718697277,1.1270893812179565,1.141825556755066,1.1540278196334839
379,1.1707661492426968,1.1512256860733032,1.1726759672164917,1.1713310480117798
380,1.1890928941579029,1.171335220336914,1.1898475885391235,1.1831530332565308
381,1.2001100189931626,1.1863980293273926,1.1991616487503052,1.180487871170044
382,1.2050016317567998,1.1954078674316406,1.2051500082015991,1.1942718029022217
383,1.2058154930007707,1.1984964609146118,1.2076810598373413,1.1973357200622559
384,1.2051999587487006,1.1979104280471802,1.2070273160934448,1.1885594129562378
385,1.2061016587374784,1.1973702907562256,1.2072502374649048,1.2080185413360596
386,1.2112646059814334,1.2004667520523071,1.210964322090149,1.229028582572937
387,1.2224515267917193,1.2096127271652222,1.2206918001174927,1.2373584508895874
388,1.2395007445815733,1.2226029634475708,1.238080382347107,1.2442084550857544
389,1.2595237582105072,1.2351436614990234,1.261123776435852,1.2757155895233154
390,1.2768587267058873,1.2541636228561401,1.2734557390213013,1.2501296997070312
391,1.2845727434097782,1.2730355262756348,1.2850326299667358,1.302404761314392
392,1.2772347320674824,1.2820221185684204,1.2821823358535767,1.2771188020706177
393,1.2529669762037534,1.2720924615859985,1.2625778913497925,1.253641128540039
394,1.2133187787315451,1.239292860031128,1.226218581199646,1.208789348602295
395,1.1617774634671942,1.1862064599990845,1.1728520393371582,1.1566611528396606
396,1.1024142210348742,1.1199171543121338,1.108852744102478,1.1047629117965698
397,1.0391467814500883,1.0484472513198853,1.03905189037323,1.0276492834091187
398,0.975337837547542,0.9787825345993042,0.9687276482582092,0.9834097027778625
399,0.9135585935106577,0.9136211276054382,0.9038470387458801,0.9192842245101929
400,0.8555510942319594,0.8540371060371399,0.847494900226593,0.8319393992424011
401,0.8023246080839121,0.8003883361816406,0.7993829846382141,0.7848819494247437
402,0.7542539499297141,0.7527387738227844,0.7569015622138977,0.7522345781326294
403,0.7111164520435883,0.7103863954544067,0.7169525027275085,0.7084499597549438
404,0.6721081440825617,0.6714413166046143,0.677480161190033,0.6805703043937683
405,0.6359627940655365,0.6339462399482727,0.6379982829093933,0.6338781714439392
406,0.6012908700706429,0.5975028276443481,0.5993205904960632,0.5879850387573242
407,0.5670930734629702,0.5630217790603638,0.561079204082489,0.5675888657569885
408,0.5331854664590814,0.5310930013656616,0.5247918963432312,0.5118162035942078
409,0.5002650607720563,0.5015577077865601,0.49166426062583923,0.5039088726043701
410,0.4696510077564854,0.4745790362358093,0.46279147267341614,0.4509354531764984
411,0.44303484510168056,0.4513018727302551,0.43968817591667175,0.45399966835975647
412,0.42251436419974997,0.43341273069381714,0.42409470677375793,0.43513283133506775
413,0.4109242977390605,0.4226739704608917,0.4177406132221222,0.43549585342407227
414,0.41223637949452907,0.42120975255966187,0.42243295907974243,0.4062073230743408
415,0.4313985839490729,0.4322850704193115,0.44044432044029236,0.4288271367549896
416,0.4724634020446475,0.46072372794151306,0.47480103373527527,0.4792434275150299
417,0.5348657170934293,0.5116995573043823,0.5286344885826111,0.5539275407791138
418,0.6114309233473411,0.5870226621627808,0.6028570532798767,0.5938539505004883
419,0.691687657489368,0.6809578537940979,0.6898451447486877,0.6742098927497864
420,0.7670121975868703,0.7802704572677612,0.7657451629638672,0.774247407913208
421,0.832678063437521,0.8597631454467773,0.8281649947166443,0.820353090763092
422,0.8870810564806579,0.9068881869316101,0.8842418789863586,0.8888841271400452
423,0.9303127756397774,0.9401106834411621,0.9329236149787903,0.9323970079421997
424,0.9631122861320489,0.9628021717071533,0.9673915505409241,0.9514811038970947
425,0.9863208413818543,0.9796991348266602,0.9869936108589172,0.9805063605308533
426,1.000718562847273,0.9925186634063721,0.998193085193634,0.9928916692733765
427,1.0070861549397652,0.9999896287918091,1.0037429332733154,0.9977507591247559
428,1.0063324207120417,1.0008476972579956,1.0053571462631226,0.9819731712341309
429,0.9995803649497657,0.9971009492874146,1.0020098686218262,1.0076903104782104
430,0.9882034915026056,0.9925425052642822,0.9889358878135681,0.982101559638977
431,0.9738706969998053,0.9877662658691406,0.9716911911964417,0.9656658172607422
432,0.9586572057744643,0.9801115989685059,0.9561194777488708,0.9503790140151978
433,0.9452270774627034,0.969287633895874,0.9438121914863586,0.944611668586731
434,0.9369648290500572,0.9595789909362793,0.9369368553161621,0.9493417143821716
435,0.9377086858850127,0.9563384056091309,0.9384146332740784,0.958564043045044
436,0.9507063676225316,0.9519786834716797,0.9514910578727722,0.9700611233711243
437,0.9770353895620019,0.9563690423965454,0.9782606959342957,1.001173973083496
438,1.0142864904976816,0.9792959690093994,1.0153650045394897,1.0044019222259521
439,1.0561612603977024,1.0186454057693481,1.0523182153701782,1.0289095640182495
440,1.0940806070776286,1.0669848918914795,1.078112244606018,1.0882422924041748
441,1.120964122057214,1.1127978563308716,1.106561303138733,1.114869236946106
442,1.1341107029869317,1.1446071863174438,1.129297137260437,1.1525694131851196
443,1.1349001799113374,1.1560441255569458,1.139447808265686,1.1002064943313599
444,1.126824112485524,1.148398518562317,1.1347781419754028,1.1337804794311523
445,1.1138541485911708,1.1289727687835693,1.1178680658340454,1.1416224241256714
446,1.099623224523447,1.1065131425857544,1.0948060750961304,1.1253366470336914
447,1.0871189842627995,1.0872907638549805,1.0765422582626343,1.129536509513855
448,1.0785748955191001,1.0743229389190674,1.0676989555358887,1.1464416980743408
449,1.0753942115533206,1.0685220956802368,1.0688873529434204,1.1209160089492798
450,1.0780595290193014,1.0698860883712769,1.0724390745162964,1.082792043685913
451,1.0860619892375032,1.0780309438705444,1.0840071439743042,1.0945544242858887
452,1.097918544863432,1.0913612842559814,1.099608063697815,1.0950907468795776
453,1.11129207587662,1.1059950590133667,1.111886978149414,1.0754306316375732
454,1.123090347191604,1.1173502206802368,1.1144884824752808,1.127384066581726
455,1.1293821293876523,1.1230603456497192,1.1130337715148926,1.1114223003387451
456,1.1254461219984888,1.1225022077560425,1.1092894077301025,1.1061174869537354
457,1.107148168217976,1.1135447025299072,1.0975342988967896,1.1338024139404297
458,1.073891793670358,1.0918433666229248,1.074854850769043,1.0891183614730835
459,1.029790029487799,1.0546656847000122,1.0396709442138672,1.0441985130310059
460,0.9810596973969422,1.004024863243103,0.9940112233161926,0.9737620949745178
461,0.9331345529355674,0.9473017454147339,0.9432686567306519,0.9488126039505005
462,0.8897652506826675,0.8938286304473877,0.8938285708427429,0.9013782739639282
463,0.8531947617556983,0.8503698110580444,0.8511360287666321,0.8970815539360046
464,0.8244223290575166,0.8188047409057617,0.8189387917518616,0.8448638916015625
465,0.8033280735929573,0.7973397970199585,0.7984808087348938,0.8276342153549194
466,0.7887710388258917,0.7830843329429626,0.7878691554069519,0.8027750253677368
467,0.7787991253931447,0.77377849817276,0.7828313708305359,0.7637644410133362
468,0.7710093844418248,0.7681469917297363,0.7785405516624451,0.7773941159248352
469,0.763004926130234,0.7642694115638733,0.7713767290115356,0.781080961227417
470,0.7528629488032004,0.7581932544708252,0.7600240111351013,0.7826841473579407
471,0.739517087590494,0.7464828491210938,0.7458823323249817,0.7295458912849426
472,0.7229572474264447,0.7299458980560303,0.7295988202095032,0.7134180665016174
473,0.7042361803973163,0.7122732400894165,0.7116422057151794,0.7082786560058594
474,0.6854290493100271,0.6958907842636108,0.6946591138839722,0.6728631854057312
475,0.6697212448609996,0.6816300749778748,0.6811844706535339,0.7200930118560791
476,0.6615257451402236,0.6712866425514221,0.6735942959785461,0.7046104073524475
477,0.6660266681680155,0.6687049865722656,0.6751838326454163,0.7020021080970764
478,0.6873959093973218,0.6790131330490112,0.6898390650749207,0.7146061062812805
479,0.7261137069220447,0.7071454524993896,0.7201085090637207,0.7674331665039062
480,0.7778751275792671,0.7551410794258118,0.7658461928367615,0.7907449007034302
481,0.8358264643274077,0.8193866610527039,0.8255924582481384,0.8465023040771484
482,0.8939234023330126,0.8908064365386963,0.8929981589317322,0.8973017930984497
483,0.9485295257903193,0.9587931036949158,0.9578699469566345,0.9551535844802856
484,0.9981697067991637,1.0155632495880127,1.004441499710083,1.0061070919036865
485,1.042655066279863,1.05051851272583,1.048852801322937,1.0380815267562866
486,1.0823339602960818,1.0799463987350464,1.0867030620574951,1.1018069982528687
487,1.117646597559059,1.107053518295288,1.1208388805389404,1.1209766864776611
488,1.148917226154559,1.1329306364059448,1.1525942087173462,1.161441445350647
489,1.1762763538294039,1.1566275358200073,1.1775705814361572,1.177559733390808
490,1.1996542155650183,1.1772531270980835,1.2030503749847412,1.2129881381988525
491,1.2188521051111414,1.1956827640533447,1.2195334434509277,1.2521215677261353
492,1.2337112146425486,1.2132419347763062,1.2318685054779053,1.2566455602645874
493,1.2443583710740758,1.2290422916412354,1.24234139919281,1.2340936660766602
494,1.2514786861710117,1.240568995475769,1.2509920597076416,1.2196221351623535
495,1.2565460483650241,1.2471885681152344,1.2563420534133911,1.2724488973617554
496,1.2618475060869618,1.2514697313308716,1.262226939201355,1.2774078845977783
497,1.2699782358360232,1.2571824789047241,1.2707759141921997,1.2604228258132935
498,1.2825180584153788,1.2673437595367432,1.2844197750091553,1.2744158506393433
499,1.298168693923031,1.2766393423080444,1.3017005920410156,1.2977509498596191
500,1.3116687496322013,1.287435531616211,1.3068464994430542,1.3142268657684326
501,1.3153483227744562,1.3005568981170654,1.313341736793518,1.3158998489379883
502,1.3031603911012146,1.3062411546707153,1.3091340065002441,1.2927370071411133
503,1.2735756056965253,1.2939218282699585,1.2876912355422974,1.2794978618621826
504,1.2290186774315612,1.2578085660934448,1.2495567798614502,1.2410888671875
505,1.173635297652579,1.1999610662460327,1.1932345628738403,1.1905195713043213
506,1.111584375816618,1.1286143064498901,1.121806025505066,1.1356174945831299
507,1.0463126218721381,1.0532039403915405,1.046615719795227,1.0592223405838013
508,0.9804320177867238,0.9807591438293457,0.971036970615387,0.9934625029563904
509,0.9158336991318126,0.9131403565406799,0.9010629653930664,0.9214953184127808
510,0.8538477940835656,0.8499022722244263,0.8400741219520569,0.846746563911438
511,0.7953753647040159,0.7911543846130371,0.7874342799186707,0.803248941898346
512,0.7409730130041843,0.7377889156341553,0.7398017048835754,0.7667627930641174
513,0.6908872334658531,0.6897499561309814,0.6935131549835205,0.7140963077545166
514,0.6450407658346431,0.64473956823349,0.6466621160507202,0.6762059926986694
515,0.6030003846468939,0.6004285216331482,0.5997419953346252,0.6292411684989929
516,0.564020388764931,0.557504415512085,0.553821861743927,0.5646988749504089
517,0.5272885208946299,0.518722653388977,0.5115613341331482,0.5222035646438599
518,0.49235148449709865,0.4855484366416931,0.47450771927833557,0.4928908348083496
519,0.4594362482987361,0.45728063583374023,0.4429367184638977,0.46669647097587585
520,0.429433616813168,0.4328359365463257,0.4169374406337738,0.4371196925640106
521,0.403722489100923,0.41212496161460876,0.39706695079803467,0.4049193859100342
522,0.38418314729274683,0.3961086869239807,0.3843611776828766,0.3892478346824646
523,0.37349872244695165,0.38651609420776367,0.38012510538101196,0.38015177845954895
524,0.3755439104303215,0.385811448097229,0.3860725462436676,0.36269688606262207
525,0.3952845640391437,0.3975321650505066,0.4047286808490753,0.39114320278167725
526,0.4370993374411259,0.4266083240509033,0.4396126866340637,0.4269970953464508
527,0.501088834132469,0.4784429669380188,0.494491845369339,0.4849928021430969
528,0.5804160852463144,0.5555221438407898,0.5709875822067261,0.5719680190086365
529,0.6639779294865351,0.6528818011283875,0.661614179611206,0.6518584489822388
530,0.7420197099234348,0.7571559548377991,0.7411841750144958,0.7650070190429688
531,0.8089700824089577,0.8372290730476379,0.8026725053787231,0.8261936902999878
532,0.8629095020926795,0.8856149911880493,0.8591658473014832,0.8748430609703064
533,0.9040377685015079,0.9177908897399902,0.9057557582855225,0.903687059879303
534,0.9334723897476291,0.9372116327285767,0.9370589256286621,0.9349795579910278
535,0.9525629088777277,0.9496191740036011,0.953841507434845,0.949688732624054
536,0.9625894017423651,0.9578331112861633,0.9613675475120544,0.9645146727561951
537,0.964718402629793,0.9613012075424194,0.9628569483757019,0.9951725602149963
538,0.9600953239795781,0.958757758140564,0.9604914784431458,0.9690276980400085
539,0.9499542004975233,0.9518168568611145,0.9527683854103088,0.9553402066230774
540,0.9356939909053179,0.9444201588630676,0.9359847903251648,0.928129255771637
541,0.9189558395547235,0.9378130435943604,0.916125476360321,0.9184335470199585
542,0.9017560538133428,0.929272472858429,0.8987776637077332,0.8958921432495117
543,0.8866850399419918,0.9176086187362671,0.8853703737258911,0.8850150108337402
544,0.8770660867192297,0.9066324234008789,0.877865731716156,0.873291015625
545,0.8767570970177652,0.9020466804504395,0.878990113735199,0.8752806186676025
546,0.8891992326877105,0.8947491645812988,0.8919276595115662,0.8774899244308472
547,0.9158610119796162,0.8981630802154541,0.9189420342445374,0.9180424809455872
548,0.9548950591810951,0.9212297797203064,0.9562501907348633,0.964166522026062
549,1.000661861892692,0.9625093936920166,0.9944630265235901,0.9655724763870239
550,1.0450495091156484,1.0153087377548218,1.0345189571380615,1.028674602508545
551,1.0809802347962219,1.0686613321304321,1.0686670541763306,1.056736707687378
552,1.1053767840150366,1.1111592054367065,1.1000787019729614,1.0080366134643555
553,1.1191066038036286,1.1359189748764038,1.121620535850525,1.095596432685852
554,1.1251540235095376,1.1433024406433105,1.1304165124893188,1.0919095277786255
555,1.1270293934028748,1.1396528482437134,1.1282297372817993,1.0908582210540771
556,1.127940263089261,1.1330643892288208,1.1210402250289917,1.1143816709518433
557,1.1304388590493704,1.1294535398483276,1.1209648847579956,1.1246978044509888
558,1.1362545159062882,1.131572961807251,1.1282626390457153,1.1195768117904663
559,1.1461983442591888,1.1400132179260254,1.1381163597106934,1.1513512134552002
560,1.1601502465399154,1.1542518138885498,1.1544901132583618,1.1779147386550903
561,1.1771825472248492,1.1732097864151,1.1774405241012573,1.1491284370422363
562,1.1958358589176914,1.1947814226150513,1.2025009393692017,1.183265209197998
563,1.2144432254432367,1.215084433555603,1.2252165079116821,1.1887747049331665
564,1.2312443552869934,1.2300595045089722,1.242357850074768,1.1921343803405762
565,1.243976850973277,1.238502025604248,1.2468093633651733,1.2471086978912354
566,1.24900783619295,1.2417091131210327,1.2422502040863037,1.2552307844161987
567,1.241249575640107,1.2395037412643433,1.231390118598938,1.2547904253005981
568,1.2168597650355433,1.2277312278747559,1.21226966381073,1.2293493747711182
569,1.177019528238762,1.2004526853561401,1.1818252801895142,1.174485683441162
570,1.1273336944411567,1.1550767421722412,1.1386979818344116,1.1295082569122314
571,1.073975721595977,1.0956369638442993,1.0851765871047974,1.0863213539123535
572,1.021420691963589,1.0313466787338257,1.0285133123397827,1.0022618770599365
573,0.9722050092810781,0.9719964265823364,0.9722417593002319,0.9626672267913818
574,0.9273268499882962,0.9225431680679321,0.9210695624351501,0.9243395924568176
575,0.8866545830341341,0.8818076848983765,0.878182053565979,0.8723419308662415
576,0.8492820843178621,0.8461763262748718,0.8438572883605957,0.8562109470367432
577,0.8138940408232449,0.8123279809951782,0.815046489238739,0.7797740697860718
578,0.779156928441088,0.7790482044219971,0.7869102358818054,0.7685266733169556
579,0.744073712800645,0.7466015815734863,0.7551293969154358,0.7488884329795837
580,0.7081980420374862,0.7136801481246948,0.7178575992584229,0.6930164694786072
581,0.6716418929248259,0.6771693229675293,0.6763343811035156,0.6493299603462219
582,0.6349199813502563,0.636942982673645,0.6341028809547424,0.6392574310302734
583,0.5987692327002134,0.5977852940559387,0.5926854014396667,0.609101414680481
584,0.5640891431359274,0.564214289188385,0.5569014549255371,0.5503218173980713
585,0.532075944085703,0.5366886854171753,0.527989387512207,0.5262150168418884
586,0.5045102213453503,0.51390540599823,0.5062418580055237,0.5160295963287354
587,0.4840356339390861,0.49590566754341125,0.4920157790184021,0.49726352095603943
588,0.47420307953012014,0.4844432473182678,0.48632416129112244,0.46135321259498596
589,0.47903080162564243,0.4826677441596985,0.4908961355686188,0.46295657753944397
590,0.501749690902391,0.4949452877044678,0.5081473588943481,0.5180497765541077
591,0.5429328820850227,0.5256339311599731,0.5408498048782349,0.5449858903884888
592,0.5994726170483394,0.5768113136291504,0.5907695889472961,0.6089113354682922
593,0.6656708629635207,0.6461820602416992,0.656890869140625,0.6347330212593079
594,0.7354814784235928,0.7268813252449036,0.734420657157898,0.7049431800842285
595,0.8040466786835938,0.8097991347312927,0.8076974749565125,0.804063618183136
596,0.8680071240921038,0.8870722651481628,0.8726689219474792,0.8779234290122986
597,0.9251666694655796,0.9371652007102966,0.9245140552520752,0.9312587380409241
598,0.9741063668223028,0.9766112565994263,0.9722342491149902,1.0014526844024658
599,1.0139785798884644,1.0091475248336792,1.0146145820617676,1.0128072500228882
600,1.044445854712471,1.0350626707077026,1.04366934299469,1.0290580987930298
601,1.0656476236837138,1.0540046691894531,1.0620099306106567,1.068257212638855
602,1.078131496681332,1.065832257270813,1.0746651887893677,1.0829089879989624
603,1.082769365945553,1.0717004537582397,1.0826879739761353,1.0766302347183228
604,1.080714443233501,1.0735174417495728,1.08330237865448,1.0876878499984741
605,1.0734373629569192,1.0722194910049438,1.0769602060317993,1.0568087100982666
606,1.0628324607624557,1.067583441734314,1.0633349418640137,1.055434226989746
607,1.0513353316049594,1.0601046085357666,1.0500298738479614,1.0512254238128662
608,1.0419470399341055,1.052209496498108,1.03972589969635,1.0320087671279907
609,1.0380008948244086,1.0474425554275513,1.0352352857589722,1.0352604389190674
610,1.0425462401985892,1.049197793006897,1.0394370555877686,1.0533373355865479
611,1.0574718117200685,1.0530377626419067,1.0545591115951538,1.0700064897537231
612,1.0826225132491138,1.0609430074691772,1.0811301469802856,1.0872788429260254
613,1.1149454199496436,1.0828149318695068,1.1150208711624146,1.0965466499328613
614,1.1479426356893674,1.1155627965927124,1.1470566987991333,1.1626379489898682
615,1.1728350937209733,1.1519482135772705,1.1574808359146118,1.1649913787841797
616,1.1823380409530198,1.181261420249939,1.16751229763031,1.145993709564209
617,1.1742198181576073,1.1926363706588745,1.1723264455795288,1.1170828342437744
618,1.1511690604584242,1.1801201105117798,1.1604743003845215,1.149857521057129
619,1.1181383511880305,1.145847201347351,1.1313310861587524,1.1542493104934692
620,1.0801079186216411,1.0986720323562622,1.0892670154571533,1.1238987445831299
621,1.0411668777653862,1.0492287874221802,1.0416165590286255,1.1073940992355347
622,1.004409047637676,1.0050920248031616,0.9964669346809387,1.0502724647521973
623,0.9720822005703622,0.9696813821792603,0.9603232741355896,0.9896272420883179
624,0.9456983096231362,0.9420543909072876,0.936019241809845,0.9824408888816833
625,0.9259947870974226,0.9210882186889648,0.9221875071525574,0.9522129893302917
626,0.9127494875357032,0.9066749811172485,0.9146385788917542,0.9361783266067505
627,0.904558074698882,0.8986814022064209,0.9086609482765198,0.9410092234611511
628,0.8987666884040983,0.894355058670044,0.9009116291999817,0.9319947361946106
629,0.8917341194490467,0.8887499570846558,0.8899194598197937,0.9119457006454468
630,0.8795072003786584,0.8783421516418457,0.8752733469009399,0.899243950843811
631,0.8589691545026086,0.8621571660041809,0.8564298748970032,0.8974943161010742
632,0.8292620988018152,0.8393551111221313,0.832181990146637,0.8416187167167664
633,0.7924958223236793,0.8086036443710327,0.8022862076759338,0.7948042154312134
634,0.7528383920160056,0.7706277370452881,0.7667307257652283,0.7339507937431335
635,0.7148612986632865,0.7297028303146362,0.7274798154830933,0.7356843948364258
636,0.682626804209003,0.6920450925827026,0.6916399598121643,0.681517481803894
637,0.6596245097914197,0.6632415652275085,0.6648962497711182,0.6830489039421082
638,0.6488160191848754,0.6468591094017029,0.6512579917907715,0.6632015705108643
639,0.6522722513436587,0.6446598172187805,0.6529447436332703,0.6931501626968384
640,0.670440562630228,0.657426655292511,0.6693208813667297,0.6831085681915283
641,0.7016283907865589,0.6850740909576416,0.6984966397285461,0.6885083913803101
642,0.7423447658820475,0.7259283661842346,0.7380267977714539,0.7228916883468628
643,0.7884150250268237,0.7760426998138428,0.7839019894599915,0.7364894151687622
644,0.8361154689639664,0.829602837562561,0.8322444558143616,0.7560051679611206
645,0.8827717174413863,0.881098210811615,0.8800266981124878,0.7959488034248352
646,0.9268612828958964,0.9279364943504333,0.9253179430961609,0.82588791847229
647,0.9679271940974172,0.9707463383674622,0.9672730565071106,0.9259386658668518
648,1.0064562382466227,1.0111855268478394,1.0061097145080566,0.971314549446106
649,1.043562357285123,1.0505733489990234,1.0378206968307495,1.0013585090637207
650,1.0801752029458485,1.077654242515564,1.0682309865951538,1.0452505350112915
651,1.1159038802291394,1.1048692464828491,1.107702374458313,1.1140609979629517
652,1.1487033254209875,1.132609248161316,1.1451448202133179,1.1511881351470947
653,1.1760817671935953,1.1597503423690796,1.1815086603164673,1.18523371219635
654,1.1966309008087002,1.1836057901382446,1.1987712383270264,1.1981723308563232
655,1.2105581689815998,1.2012556791305542,1.2114306688308716,1.2354793548583984
656,1.2194015577195136,1.2115802764892578,1.2218378782272339,1.2063219547271729
657,1.2255315796882795,1.2164515256881714,1.2296812534332275,1.2076423168182373
658,1.231639231844705,1.219826340675354,1.235648512840271,1.22910737991333
659,1.2401474228683997,1.2256237268447876,1.2431820631027222,1.2465533018112183
660,1.2525153236365856,1.2362183332443237,1.254439115524292,1.277345895767212
661,1.2685521108414517,1.2521048784255981,1.2709366083145142,1.262636661529541
662,1.285989520420598,1.2676533460617065,1.2851923704147339,1.2992210388183594
663,1.3006862520906588,1.2833600044250488,1.2962700128555298,1.2761740684509277
664,1.3077580530645865,1.2987576723098755,1.3084454536437988,1.3342159986495972
665,1.303266751596055,1.3064842224121094,1.313273549079895,1.259902000427246
666,1.285370999312614,1.2991397380828857,1.300310730934143,1.2721036672592163
667,1.2542421229274126,1.2731530666351318,1.2693926095962524,1.2812933921813965
668,1.2112563770457074,1.230013132095337,1.2236465215682983,1.226427435874939
669,1.1584437294982592,1.1741610765457153,1.1652863025665283,1.1617122888565063
670,1.0984768180443463,1.1103277206420898,1.0981072187423706,1.1037601232528687
671,1.034575678738292,1.042421817779541,1.0311524868011475,1.0305581092834473
672,0.9699159285286538,0.9745015501976013,0.9648916125297546,0.9914422631263733
673,0.907016004202066,0.9083438515663147,0.9020208716392517,0.9174741506576538
674,0.8475199937703324,0.846278727054596,0.843904435634613,0.8375799059867859
675,0.7922617509266391,0.789726197719574,0.7902926206588745,0.7763851881027222
676,0.7413956007192328,0.738601565361023,0.7402326464653015,0.742618203163147
677,0.6945281924542495,0.6915075778961182,0.6928507089614868,0.6971722841262817
678,0.6508992725302624,0.6469539403915405,0.6476210951805115,0.6770802140235901
679,0.6096614687280836,0.6045370101928711,0.6043201088905334,0.6261963248252869
680,0.5702116448734188,0.564841628074646,0.5619277954101562,0.5698249340057373
681,0.532427233270673,0.5283434391021729,0.5214182138442993,0.5324612259864807
682,0.49669180004772473,0.4949028491973877,0.4839012920856476,0.49937379360198975
683,0.4637554969666338,0.4645312428474426,0.45075640082359314,0.4671756625175476
684,0.4346004572135815,0.4381774067878723,0.4236389398574829,0.43725648522377014
685,0.41045366947240125,0.41731345653533936,0.40407514572143555,0.4170495569705963
686,0.39299723119539065,0.40307873487472534,0.3931892216205597,0.3907410502433777
687,0.3847646013051927,0.39635777473449707,0.3918229937553406,0.36990875005722046
688,0.3895733584009198,0.39874228835105896,0.401030957698822,0.38118451833724976
689,0.41236203182616826,0.4134397506713867,0.42272883653640747,0.43211889266967773
690,0.45716744047927027,0.44543689489364624,0.46006616950035095,0.4315323829650879
691,0.5231416420852384,0.5000305771827698,0.5166358947753906,0.5347527265548706
692,0.6025813907968585,0.5789284110069275,0.5937848091125488,0.60405033826828
693,0.6846194822293212,0.6760430932044983,0.6811527609825134,0.6694789528846741
694,0.7605426322129459,0.7777129411697388,0.7596712112426758,0.7654816508293152
695,0.8256828494644378,0.8520711064338684,0.8196950554847717,0.8104092478752136
696,0.8784849344574294,0.8982982635498047,0.8757848143577576,0.8791075944900513
697,0.9190632485635829,0.9295274019241333,0.9211161732673645,0.9225488305091858
698,0.9482303300338627,0.9493753910064697,0.9509169459342957,0.9525029063224792
699,0.967036719597909,0.9627848863601685,0.9673319458961487,0.9613493084907532
700,0.9766239141306751,0.9716099500656128,0.974977970123291,0.968229353427887
701,0.9782091862968795,0.9747236371040344,0.9766427874565125,0.9850335717201233
702,0.9730967081283959,0.971261203289032,0.9745352268218994,0.9713509678840637
703,0.9626862397616676,0.9639166593551636,0.9659706950187683,0.9874239563941956
704,0.9484972098996618,0.9569350481033325,0.9484879374504089,0.9540748000144958
705,0.9322400283591479,0.9507129192352295,0.9293926358222961,0.9329175353050232
706,0.9159634737939636,0.9421592354774475,0.912979006767273,0.9117802381515503
707,0.9022755250733259,0.9309167861938477,0.9007734060287476,0.9024911522865295
708,0.8945086560695985,0.9214376211166382,0.8948338031768799,0.897075891494751
709,0.8964548296061418,0.919076681137085,0.897965133190155,0.8999019861221313
710,0.9112772855605612,0.9121705293655396,0.9132798910140991,0.9084132313728333
711,0.9399099248416676,0.918786883354187,0.9426459670066833,0.9382966756820679
712,0.9798141200998293,0.9444916248321533,0.9805581569671631,0.9883882999420166
713,1.0246912331747489,0.9870509505271912,1.016989827156067,1.0057111978530884
714,1.0661600443921013,1.0390018224716187,1.0523122549057007,1.0560693740844727
715,1.0974815777547193,1.0889638662338257,1.0846112966537476,1.075669765472412
716,1.1162750210708865,1.125781774520874,1.1121264696121216,1.07602858543396
717,1.1240963170846119,1.143495798110962,1.1281973123550415,1.0902091264724731
718,1.1244472646428767,1.1436927318572998,1.1307817697525024,1.079973578453064
719,1.1211617316733251,1.1336966753005981,1.1225427389144897,1.1092218160629272
720,1.1175989248626659,1.1219691038131714,1.1104224920272827,1.1087416410446167
721,1.1163361238972893,1.1143187284469604,1.1060391664505005,1.120792269706726
722,1.1190580838409236,1.1132673025131226,1.1100106239318848,1.1096012592315674
723,1.1265101895391627,1.1191877126693726,1.1178113222122192,1.118187665939331
724,1.1385096186988564,1.1313929557800293,1.1323665380477905,1.125366449356079
725,1.154059310354984,1.1486990451812744,1.1535481214523315,1.141385555267334
726,1.1715759878309044,1.1688390970230103,1.1767195463180542,1.1566698551177979
727,1.1891357214616163,1.1877455711364746,1.19746732711792,1.162034273147583
728,1.204503925855771,1.2013771533966064,1.209241271018982,1.1613729000091553
729,1.2147104124363597,1.2085421085357666,1.208907961845398,1.206824541091919
730,1.2154564451435883,1.2099987268447876,1.2023603916168213,1.2105071544647217
731,1.201848115265684,1.2045317888259888,1.1889163255691528,1.1804310083389282
732,1.1716972256958027,1.1874337196350098,1.1661442518234253,1.1552892923355103
733,1.1281145355385316,1.1538145542144775,1.133593201637268,1.1144987344741821
734,1.077395963419769,1.1035319566726685,1.0889310836791992,1.0611982345581055
735,1.0254131909887725,1.042868733406067,1.036159873008728,1.0064040422439575
736,0.9761297907813052,0.9819344282150269,0.9812155365943909,0.973499059677124
737,0.9316645578085605,0.9291026592254639,0.929600179195404,0.9209299683570862
738,0.8926838707393964,0.8869832754135132,0.885572075843811,0.8841542601585388
739,0.8587434889307101,0.8535888195037842,0.8512727618217468,0.8672900795936584
740,0.8286061205124639,0.8251653909683228,0.8255802989006042,0.7996571063995361
741,0.8006036261888569,0.7987605333328247,0.8044158220291138,0.7762883305549622
742,0.7730468159002699,0.773371160030365,0.78266841173172,0.7727478742599487
743,0.7446152866226408,0.7484896183013916,0.7564131617546082,0.7305047512054443
744,0.7146206176234954,0.7215766906738281,0.7244690656661987,0.7073001861572266
745,0.6830625729398532,0.6896640062332153,0.6889443397521973,0.6849472522735596
746,0.650501202744498,0.6540647745132446,0.6522095799446106,0.6476170420646667
747,0.6178821199673555,0.6199260950088501,0.616279661655426,0.6160716414451599
748,0.5864843439805498,0.5907124876976013,0.5853754281997681,0.5989739298820496
749,0.5580820367602128,0.5664180517196655,0.5607040524482727,0.5551203489303589
750,0.5352564869624075,0.546565592288971,0.5430102348327637,0.5420030951499939
751,0.521604733228051,0.5323963165283203,0.5334007143974304,0.5085703730583191
752,0.5214508692685202,0.5267757177352905,0.5337033867835999,0.5258105993270874
753,0.5386489686883482,0.5339071154594421,0.5463555455207825,0.5235210061073303
754,0.5745257936811072,0.5585016012191772,0.5740453004837036,0.5978378057479858
755,0.626420681864666,0.6034812331199646,0.6186210513114929,0.6283465623855591
756,0.6886068073598384,0.6673511862754822,0.679352343082428,0.6788250803947449
757,0.7548631786158655,0.7435083389282227,0.7502822279930115,0.7683795690536499
758,0.8203752938391224,0.8225865364074707,0.8239964842796326,0.8329867720603943
759,0.882121314868138,0.8964126706123352,0.8893287777900696,0.8745263814926147
760,0.9383980729207604,0.9527820348739624,0.9413381218910217,0.9407409429550171
761,0.9882181494831546,0.9917365908622742,0.9880799055099487,0.9925925135612488
762,1.0309045623352748,1.0255388021469116,1.030256748199463,1.0317898988723755
763,1.0659405392541637,1.0546716451644897,1.0667046308517456,1.0681028366088867
764,1.0930037283498195,1.0785024166107178,1.091826319694519,1.0848588943481445
765,1.112062163290486,1.0961276292800903,1.10905921459198,1.1202392578125
766,1.1234381482075828,1.1079065799713135,1.1219624280929565,1.1164038181304932
767,1.1278291654567685,1.1153746843338013,1.1278433799743652,1.1218022108078003
768,1.1263364911349685,1.1193596124649048,1.1272164583206177,1.1242178678512573
769,1.120547898972999,1.1193068027496338,1.1220084428787231,1.1213146448135376
770,1.1126587670413266,1.115230679512024,1.112404227256775,1.1310473680496216
771,1.1055282779704914,1.109370470046997,1.1042813062667847,1.1233117580413818
772,1.1024841880216831,1.105407953262329,1.100387692451477,1.1045327186584473
773,1.1066924547725638,1.106924057006836,1.1037688255310059,1.1106846332550049
774,1.1201524704830848,1.1148189306259155,1.1169792413711548,1.124434232711792
775,1.1426343540058153,1.120914340019226,1.140389084815979,1.1251943111419678
776,1.1707880679632674,1.139911413192749,1.1707947254180908,1.1820807456970215
777,1.197877764481257,1.168312907218933,1.195702314376831,1.2340999841690063
778,1.2153543940631455,1.198319673538208,1.2053908109664917,1.1954827308654785
779,1.2165249699488188,1.2190637588500977,1.2079095840454102,1.2174625396728516
780,1.1995435278709183,1.2202553749084473,1.1995562314987183,1.204406499862671
781,1.1671110027383316,1.1969033479690552,1.1774742603302002,1.1856467723846436
782,1.1240710252742465,1.1518248319625854,1.137898564338684,1.1069592237472534
783,1.0753325021132023,1.0939074754714966,1.0847781896591187,1.0456137657165527
